"ID","COST_FT1","COST_FT2","COST_FT3","COST_FT4","COST_FT5","COST_FT6","COST_FT7","COST_FT8","COST_FT9","COST_FT10","COST_FT11"
1,2,4,3,4,4,0,2,3,3,4,2
2,0,1,0,2,2,0,0,0,3,1,1
3,1,4,4,4,3,3,3,2,3,4,2
4,1,3,1,1,1,2,1,2,0,2,2
5,0,2,3,1,1,1,0,1,3,3,0
6,0,0,0,0,0,1,0,0,0,0,0
7,1,2,2,0,2,2,2,2,1,1,0
8,1,0,2,2,0,0,1,2,4,0,1
9,2,1,1,2,0,3,3,2,2,1,1
10,0,2,2,1,1,1,2,0,1,2,0
11,2,2,2,1,1,1,0,3,2,3,2
12,1,0,2,2,3,0,3,2,2,1,1
13,2,1,0,3,0,2,2,3,2,0,1
14,3,0,0,0,1,4,3,3,0,2,4
15,2,0,0,0,1,0,0,0,0,0,0
16,4,2,2,2,4,3,4,3,3,2,4
17,4,2,3,3,4,3,2,3,2,2,3
18,3,2,2,4,3,2,2,3,1,3,2
19,1,0,2,2,2,0,2,0,1,2,2
20,4,2,2,2,1,3,4,2,1,2,3
21,2,1,1,2,0,3,2,0,2,0,2
22,3,1,2,1,2,2,3,3,2,1,2
23,2,0,0,0,0,1,1,1,0,0,2
24,3,4,4,4,4,4,4,4,4,4,3
25,1,2,0,1,2,2,2,3,1,3,3
26,4,4,4,3,3,3,4,3,4,4,2
27,4,4,4,4,4,3,4,3,4,4,4
28,1,2,3,4,4,0,2,2,2,2,2
29,4,2,2,3,1,4,3,2,0,2,4
30,2,4,4,4,4,1,2,4,4,4,3
31,3,2,1,2,0,3,1,1,0,2,2
32,2,2,3,1,1,4,1,2,4,2,2
33,1,3,1,2,4,2,0,2,1,3,2
34,4,2,3,1,4,3,2,2,3,3,2
35,0,4,4,3,4,0,2,3,2,4,0
36,3,3,2,4,2,2,2,3,3,4,4
37,3,2,3,1,3,3,2,2,3,3,1
38,0,4,3,3,4,0,0,2,3,1,0
39,3,4,3,2,3,2,3,3,2,4,2
40,1,2,1,1,2,0,0,2,1,3,1
41,1,0,0,0,0,4,3,0,0,0,3
42,2,2,2,4,2,2,2,2,2,4,4
43,0,1,1,1,0,1,1,0,2,2,1
44,3,0,1,1,1,4,3,4,0,2,4
45,2,1,1,0,0,1,1,0,2,1,0
46,4,4,2,2,3,3,4,4,3,2,4
47,3,2,1,2,2,4,4,3,4,1,2
48,1,1,3,0,3,2,1,1,1,0,1
49,1,4,3,2,1,2,1,4,2,2,3
50,4,3,3,2,4,4,3,2,3,3,2
51,0,2,1,0,3,0,0,0,2,0,0
52,2,1,2,0,1,2,0,2,3,1,2
53,2,3,0,1,3,0,0,1,2,1,1
54,2,2,3,3,4,3,2,2,3,2,1
55,0,3,1,1,2,3,1,1,2,3,2
56,2,0,1,1,2,2,1,2,1,1,4
57,0,1,2,0,1,0,1,0,0,1,1
58,0,2,0,1,1,0,1,3,1,2,1
59,2,1,2,1,2,2,4,3,2,0,4
60,0,2,0,0,1,3,2,2,0,1,3
61,0,1,4,3,2,0,1,1,2,2,1
62,2,2,3,3,2,0,2,2,3,2,2
63,1,2,1,2,2,1,4,2,2,1,3
64,2,1,1,2,2,1,2,3,0,2,3
65,0,0,1,0,1,0,1,0,0,0,1
66,2,1,1,0,0,2,1,3,1,0,3
67,0,1,1,2,0,0,0,1,1,0,0
68,4,2,3,3,3,4,3,4,3,2,3
69,0,2,3,2,0,2,0,1,2,1,1
70,3,3,2,2,3,2,1,3,3,2,2
71,2,4,3,4,4,2,2,4,4,3,0
72,3,2,1,1,3,3,4,2,2,1,3
73,3,4,4,3,4,2,3,3,4,4,2
74,0,2,2,3,2,0,0,1,4,2,0
75,1,2,1,4,2,3,3,2,3,2,3
76,1,2,0,2,1,1,2,0,1,0,1
77,4,3,4,4,3,4,4,3,4,2,3
78,2,2,1,1,4,3,2,2,3,3,3
79,2,2,1,3,2,1,1,2,2,3,0
80,2,4,4,4,4,1,3,2,4,4,2
81,1,1,1,1,3,1,3,1,0,0,0
82,3,2,4,3,4,4,3,4,4,2,4
83,1,0,0,0,1,2,1,2,1,1,1
84,0,1,1,2,2,0,0,0,1,1,1
85,2,0,1,2,1,2,4,2,2,2,2
86,3,3,3,3,3,4,3,3,2,4,3
87,2,3,3,2,4,4,2,2,3,3,2
88,2,2,2,4,1,0,0,2,2,2,2
89,3,4,3,3,2,3,1,4,3,3,1
90,4,3,4,4,4,4,4,4,4,4,4
91,2,0,0,0,0,0,3,0,0,0,2
92,2,4,3,4,2,4,2,3,4,4,3
93,0,0,3,0,1,2,3,2,0,2,2
94,3,2,2,2,2,4,4,4,2,3,4
95,0,2,2,1,2,0,0,0,0,3,0
96,0,1,3,2,2,0,0,2,3,4,1
97,2,0,2,2,2,1,1,0,0,1,0
98,2,2,2,2,0,1,0,2,3,2,0
99,2,0,0,0,0,3,2,2,0,0,1
100,3,3,3,3,1,3,1,3,2,3,1
101,2,4,4,3,4,3,1,4,3,4,3
102,1,3,3,1,2,1,2,0,1,3,1
103,4,2,1,1,2,3,3,2,4,0,2
104,2,2,1,1,0,2,1,0,0,1,2
105,3,2,2,2,4,4,3,3,3,2,4
106,2,2,4,3,2,2,3,3,3,3,4
107,0,0,0,1,0,3,2,0,0,0,2
108,4,4,4,4,4,2,4,2,4,4,4
109,3,1,0,0,0,3,2,1,0,0,3
110,0,1,0,1,2,2,0,1,0,1,1
111,2,4,0,0,0,0,0,0,0,0,0
112,2,3,1,1,2,0,0,1,1,1,1
113,0,2,3,4,4,0,2,0,3,3,2
114,4,2,2,2,4,3,3,2,2,2,3
115,1,1,1,2,3,1,2,1,1,1,1
116,3,1,1,1,1,3,2,1,3,0,2
117,0,1,2,2,2,2,2,2,3,2,1
118,2,4,4,4,3,4,1,4,4,4,3
119,4,4,4,4,2,4,4,3,4,3,4
120,0,2,1,2,2,1,2,0,0,1,0
121,4,2,3,3,4,4,4,4,2,4,3
122,2,4,4,4,4,2,4,4,4,4,3
123,2,3,3,2,3,1,2,2,4,2,2
124,1,4,4,2,4,1,3,3,3,4,1
125,1,1,0,0,0,0,0,0,0,0,1
126,2,2,2,4,2,2,3,2,2,2,3
127,1,2,4,3,2,1,1,2,3,0,0
128,2,1,3,3,2,1,1,2,2,2,1
129,2,2,3,2,3,1,1,3,2,4,1
130,2,3,4,3,4,0,2,3,4,4,2
131,2,2,1,2,2,1,3,1,2,2,1
132,4,4,4,4,4,4,4,4,4,4,4
133,3,4,3,3,2,1,3,4,3,3,3
134,3,2,2,2,1,2,2,2,1,3,2
135,4,2,0,1,0,3,4,1,2,0,4
136,2,2,2,0,3,2,2,3,1,1,3
137,1,0,1,2,2,0,0,2,2,3,0
138,1,4,4,4,4,0,1,3,4,4,1
139,2,2,2,2,2,4,4,3,3,3,2
140,2,2,1,2,3,4,3,2,2,2,2
141,3,0,1,1,0,4,3,2,1,3,4
142,1,3,2,3,2,1,2,2,2,2,2
143,3,4,3,3,1,3,3,3,4,4,2
144,3,0,1,1,0,2,3,1,0,0,2
145,4,3,4,4,2,2,3,3,4,3,2
146,1,3,0,1,0,1,1,1,0,2,2
147,1,1,3,0,2,2,0,1,3,3,1
148,4,1,2,4,3,3,2,4,2,4,4
149,2,2,4,4,2,2,0,2,3,3,3
150,1,1,1,1,1,0,0,1,1,0,1
151,1,2,4,3,1,1,0,2,1,2,0
152,3,1,0,1,0,4,4,2,2,1,3
153,1,4,3,4,4,3,4,4,2,3,4
154,2,2,3,1,2,2,3,3,2,4,2
155,3,4,3,1,2,3,1,3,4,2,0
156,3,3,3,3,2,3,4,4,3,3,3
157,2,0,1,1,2,0,1,0,1,1,1
158,0,0,1,2,1,2,2,1,2,0,2
159,2,1,0,2,0,2,2,1,0,2,3
160,1,3,3,4,4,0,2,4,4,4,0
161,4,2,3,3,1,3,4,2,2,1,4
162,2,0,0,1,1,1,2,0,1,1,2
163,0,3,3,1,3,1,0,2,3,1,0
164,4,1,2,3,1,4,3,3,2,2,4
165,1,2,1,0,1,2,2,3,1,2,2
166,3,0,1,2,0,2,3,2,3,1,3
167,4,3,1,0,2,2,3,3,2,2,3
168,4,0,1,0,1,2,3,1,1,0,3
169,3,0,1,0,0,2,2,1,2,0,2
170,2,1,2,3,0,1,1,2,2,4,2
171,1,1,3,2,1,1,1,2,1,1,2
172,1,0,2,1,0,0,1,1,3,3,0
173,4,3,3,3,3,2,3,4,4,3,4
174,2,3,1,0,1,3,2,2,2,1,2
175,2,1,2,2,0,1,2,3,3,2,2
176,2,2,2,1,3,2,0,2,2,2,2
177,0,2,1,1,1,0,1,0,1,2,0
178,2,2,3,2,3,3,1,3,4,4,1
179,3,3,4,4,4,2,4,4,4,4,3
180,0,4,3,2,4,0,0,3,2,2,2
181,3,0,0,0,2,1,2,2,2,1,2
182,4,4,4,3,3,2,3,4,4,4,4
183,2,4,3,4,2,1,2,2,3,4,1
184,3,2,4,1,2,2,4,3,3,2,2
185,1,3,3,4,2,1,2,3,3,3,2
186,3,4,2,1,2,4,2,4,3,4,1
187,1,4,4,4,4,2,2,4,4,4,1
188,3,3,4,4,4,2,1,3,3,3,1
189,0,2,3,2,2,2,2,3,2,3,1
190,1,1,3,3,0,0,1,2,1,3,0
191,4,0,0,1,1,4,4,3,1,0,4
192,1,1,2,0,1,1,2,2,1,3,1
193,3,4,4,4,4,4,4,4,4,4,3
194,1,3,3,4,3,0,0,4,3,3,0
195,2,1,1,1,1,1,2,2,2,2,1
196,3,4,2,4,4,2,4,3,4,4,4
197,3,1,1,2,1,2,1,0,2,3,2
198,2,0,0,0,0,1,2,0,0,0,1
199,0,2,0,1,1,2,1,1,2,3,1
200,2,3,2,3,2,2,1,1,2,3,2
201,1,1,0,0,2,2,1,0,1,2,0
202,3,3,3,4,3,3,1,1,4,4,0
203,1,1,1,0,1,2,1,1,2,1,2
204,0,0,0,1,2,1,0,0,1,0,2
205,1,1,2,2,2,0,0,2,2,3,2
206,4,4,3,2,3,4,4,4,2,3,4
207,1,2,2,3,2,0,1,2,3,3,0
208,2,0,1,0,2,2,2,3,1,2,0
209,4,1,1,1,0,3,4,2,1,0,3
210,4,3,4,3,2,4,4,4,3,3,4
211,0,4,1,4,2,0,0,2,1,2,0
212,4,2,1,1,2,4,2,4,1,1,4
213,0,3,2,3,2,0,1,1,3,3,0
214,2,3,3,2,3,1,0,2,3,2,0
215,1,2,3,2,1,0,2,1,2,2,1
216,3,2,2,4,3,2,2,4,3,4,3
217,4,3,1,2,2,4,4,4,2,3,3
218,4,0,2,1,1,3,4,4,2,2,4
219,2,2,2,4,3,4,2,3,3,4,2
220,3,3,4,4,4,4,4,4,4,4,4
221,0,3,3,3,4,0,0,1,3,2,1
222,0,1,0,0,0,1,0,0,0,2,0
223,1,2,2,2,2,1,3,1,2,0,2
224,1,1,3,2,1,0,0,1,0,3,0
225,1,3,2,2,2,3,1,2,3,2,0
226,3,2,3,1,2,4,2,3,4,3,2
227,1,3,1,2,1,1,2,1,3,2,3
228,1,2,0,3,0,1,1,1,1,1,1
229,4,4,2,2,2,3,3,1,1,1,4
230,2,1,2,3,2,3,2,4,2,2,3
231,2,0,1,1,2,2,2,2,1,1,2
232,2,2,1,1,1,4,3,1,2,3,4
233,2,3,4,3,4,2,2,2,3,2,1
234,1,3,3,3,3,1,4,3,2,2,1
235,1,2,3,3,1,2,2,2,2,2,2
236,3,3,2,4,3,2,1,2,3,3,1
237,0,1,0,0,0,0,0,0,1,0,0
238,1,2,3,3,4,1,1,3,3,3,3
239,2,2,1,3,1,2,3,3,2,2,2
240,4,4,4,4,4,3,2,4,4,4,4
241,3,2,1,2,3,2,2,2,2,1,4
242,2,1,3,3,1,2,3,2,2,1,3
243,4,4,4,3,3,2,2,3,3,4,2
244,3,3,3,1,3,4,4,2,4,2,4
245,3,2,2,2,2,3,3,1,1,1,3
246,0,1,3,4,3,1,3,3,2,3,1
247,2,4,2,4,2,1,3,1,3,2,3
248,0,2,1,1,2,0,1,0,2,0,0
249,3,1,2,3,4,3,2,4,3,2,3
250,3,2,3,2,2,1,3,0,2,3,0
251,3,2,3,0,1,2,3,1,2,0,2
252,4,3,2,3,3,3,3,3,1,3,3
253,2,2,2,2,2,0,2,3,2,2,2
254,1,3,3,2,3,1,0,1,4,2,1
255,2,4,4,2,3,2,4,4,4,4,3
256,1,1,1,3,4,2,2,0,0,2,0
257,1,1,2,1,3,1,1,1,1,3,2
258,4,4,4,3,2,3,3,4,3,2,4
259,3,1,0,0,0,2,3,2,0,0,3
260,1,1,0,1,0,2,2,2,3,1,1
261,2,0,2,1,2,2,2,3,1,3,2
262,3,2,1,2,0,4,4,3,0,1,4
263,3,3,2,1,1,2,1,1,1,1,1
264,2,3,2,3,2,0,1,2,2,3,1
265,2,1,1,3,1,2,3,2,2,2,3
266,3,1,1,2,0,2,0,0,2,0,1
267,2,3,3,2,4,1,0,3,3,3,1
268,3,4,3,4,3,4,2,4,4,3,4
269,4,2,1,1,3,4,4,3,2,1,3
270,1,0,0,3,1,2,2,1,0,0,2
271,1,4,4,3,4,0,1,2,4,4,1
272,1,3,3,1,3,2,1,1,2,3,0
273,2,2,2,3,1,0,0,2,0,2,1
274,4,3,2,3,1,4,2,2,2,2,4
275,4,3,1,2,2,4,3,3,2,0,4
276,4,2,1,3,2,4,3,4,0,1,2
277,3,0,1,1,2,3,3,3,2,2,4
278,3,1,2,0,2,1,0,1,0,1,2
279,0,3,2,3,2,1,2,1,2,4,0
280,0,2,0,0,1,1,0,0,2,1,1
281,3,1,2,4,3,3,3,2,3,1,3
282,3,3,2,1,3,4,3,3,2,3,4
283,1,0,0,0,0,0,2,1,0,0,2
284,2,2,2,1,1,4,3,3,2,0,3
285,4,3,3,3,2,4,4,3,4,1,3
286,1,3,2,2,4,0,0,1,2,2,1
287,2,2,1,2,0,1,3,2,2,1,3
288,1,2,1,2,1,0,0,1,2,1,1
289,3,4,3,1,3,4,4,4,4,3,3
290,3,1,2,2,0,2,2,2,3,1,2
291,4,2,2,2,2,3,4,2,0,2,3
292,2,0,2,4,1,3,1,2,1,2,1
293,4,4,2,2,3,4,4,4,2,3,3
294,2,3,1,2,2,3,3,1,2,4,2
295,3,1,3,3,3,2,2,2,1,1,1
296,3,3,2,3,4,3,4,3,4,3,4
297,1,2,1,2,3,1,2,0,3,2,0
298,2,2,0,0,1,2,2,1,2,0,0
299,1,3,2,3,4,2,1,0,3,4,1
300,0,1,1,2,1,0,1,2,2,1,1
301,2,0,1,0,1,4,2,2,0,0,4
302,3,0,1,1,2,3,2,2,1,2,2
303,0,2,2,3,2,0,0,2,3,4,0
304,2,2,3,3,4,2,4,4,4,2,3
305,0,1,1,0,4,1,1,0,1,1,3
306,1,3,1,1,0,1,1,2,0,2,1
307,2,0,0,0,0,3,1,0,0,2,2
308,4,2,2,1,3,4,2,4,3,4,4
309,2,3,4,4,3,3,1,2,3,2,2
310,4,4,3,2,3,2,4,3,1,2,4
311,1,0,0,0,0,0,1,0,0,0,0
312,2,1,1,0,1,2,4,1,0,1,2
313,2,4,4,4,4,2,2,3,3,4,2
314,3,4,4,4,3,3,3,3,2,3,3
315,1,0,0,0,0,0,0,0,0,0,1
316,0,0,1,0,0,0,0,0,0,0,0
317,2,0,0,0,0,3,2,1,0,0,2
318,0,1,0,1,1,0,1,0,2,0,0
319,2,2,3,2,2,2,3,1,3,3,2
320,3,3,3,2,1,1,2,1,2,3,4
321,1,2,4,3,4,4,4,4,4,2,4
322,3,1,0,0,1,4,4,0,1,2,4
323,2,2,2,0,2,2,3,2,2,1,4
324,4,2,0,3,1,4,4,4,3,2,4
325,1,4,4,4,4,1,2,3,3,4,3
326,4,3,1,3,3,4,3,2,2,3,4
327,4,1,0,1,1,4,3,3,1,2,4
328,0,2,1,2,1,0,2,2,2,2,0
329,2,3,2,4,2,3,4,3,3,4,2
330,4,1,0,1,2,4,4,1,1,1,4
331,0,0,0,0,0,0,2,0,0,1,0
332,3,0,1,1,2,4,1,1,2,1,2
333,1,2,2,0,2,1,0,1,2,3,1
334,0,3,3,2,2,0,0,1,1,3,0
335,3,1,0,1,1,0,1,1,1,1,3
336,1,3,4,4,2,2,2,1,4,4,1
337,2,4,3,3,3,0,0,1,2,2,1
338,1,1,1,2,0,1,4,0,0,1,1
339,2,3,3,4,3,3,1,3,2,3,4
340,3,3,3,2,2,2,2,2,4,4,3
341,4,3,2,1,1,3,4,2,1,1,3
342,3,3,3,3,2,0,2,1,3,3,3
343,3,3,3,4,4,3,1,3,2,1,4
344,2,1,4,3,2,2,1,1,2,2,1
345,2,1,0,1,1,0,2,1,1,2,3
346,4,4,2,2,2,4,4,2,1,2,4
347,2,3,2,1,2,2,3,3,2,4,3
348,4,3,2,2,3,2,3,2,3,4,3
349,1,1,1,2,0,4,3,2,1,1,4
350,4,2,3,0,1,2,3,3,2,1,4
351,3,3,3,2,4,4,4,4,3,2,4
352,2,4,1,0,2,0,4,2,2,0,1
353,4,4,3,2,3,3,4,4,2,4,4
354,1,3,2,3,2,0,1,1,4,4,0
355,3,0,0,0,0,2,2,1,0,0,0
356,3,2,0,2,0,2,4,1,1,1,3
357,1,3,3,4,2,1,3,3,2,3,2
358,1,1,1,1,1,0,1,1,4,0,0
359,3,3,0,0,0,3,2,1,1,0,0
360,0,3,3,1,4,0,2,0,2,2,0
361,4,2,4,4,2,4,3,2,3,3,2
362,0,0,0,0,0,1,2,0,0,0,1
363,1,0,0,0,0,1,0,0,1,0,1
364,1,0,0,0,0,2,2,0,0,0,0
365,3,4,4,2,2,2,4,4,3,3,3
366,4,1,2,2,2,4,4,3,1,2,4
367,2,0,1,2,3,2,2,0,0,2,1
368,3,2,1,1,1,2,4,3,0,1,3
369,2,4,2,2,2,4,4,3,1,4,3
370,3,2,2,4,3,3,1,4,2,2,3
371,0,2,2,3,3,2,2,3,4,4,1
372,3,3,1,2,3,3,2,3,3,2,4
373,2,2,2,2,4,2,2,1,2,3,3
374,2,0,0,0,0,3,2,0,2,0,2
375,4,4,4,4,4,4,3,4,4,4,3
376,2,3,2,2,4,2,2,2,2,3,2
377,3,4,4,2,3,1,2,3,2,4,1
378,3,0,0,1,0,0,2,0,0,0,2
379,1,1,3,3,1,0,1,1,1,2,1
380,4,4,2,3,2,4,4,2,2,4,3
381,1,4,2,1,2,3,4,2,4,1,1
382,3,3,1,1,3,2,3,2,2,3,2
383,1,1,2,0,0,1,3,1,2,2,0
384,1,1,2,2,2,2,4,3,1,1,3
385,1,2,2,1,2,1,2,1,1,2,3
386,1,0,1,0,1,0,0,0,2,0,1
387,4,1,2,3,2,2,2,2,3,2,2
388,2,0,0,3,0,2,3,3,3,2,2
389,0,2,1,2,2,0,0,0,1,3,1
390,3,0,2,2,2,3,4,2,1,2,4
391,2,0,0,0,1,0,1,0,0,0,0
392,3,4,4,4,3,4,4,4,4,4,3
393,0,0,0,2,0,0,0,0,1,2,0
394,1,1,3,2,2,2,3,4,3,4,1
395,0,2,1,2,2,1,2,2,2,2,3
396,0,0,2,1,4,1,2,0,1,1,0
397,0,4,3,3,4,1,1,3,4,3,1
398,4,2,0,1,2,1,3,0,1,0,3
399,4,2,4,4,4,2,3,3,3,2,3
400,0,2,1,2,2,0,0,1,2,1,1
401,3,4,4,2,4,3,1,4,4,3,1
402,4,2,0,1,0,4,4,2,1,1,3
403,2,0,1,0,0,2,1,0,2,0,2
404,2,3,2,2,2,0,0,2,2,3,1
405,0,2,1,1,2,1,0,0,2,2,0
406,0,0,0,2,0,1,0,0,1,0,0
407,4,2,4,4,2,4,4,3,3,3,4
408,2,4,3,3,4,4,4,3,3,2,4
409,1,2,3,2,2,2,1,3,4,4,1
410,3,0,0,1,0,3,2,0,0,0,2
411,3,2,3,2,3,3,3,3,2,2,3
412,1,2,1,0,1,0,1,1,3,0,1
413,3,3,3,2,3,4,4,2,3,2,3
414,3,2,3,4,4,3,2,2,3,3,2
415,2,3,4,2,3,2,3,2,4,4,1
416,2,1,2,2,2,3,3,2,2,3,1
417,1,3,3,1,4,3,2,4,4,2,4
418,4,4,4,4,1,4,3,4,2,2,4
419,1,3,2,3,3,2,3,2,4,2,3
420,2,1,2,1,2,3,1,2,0,2,1
421,2,4,4,3,3,2,2,4,3,2,4
422,2,2,0,2,1,3,1,3,2,1,2
423,2,4,4,4,4,0,2,3,4,4,3
424,0,1,0,2,4,0,0,1,0,1,0
425,2,1,1,1,2,2,2,4,3,2,1
426,4,2,2,3,3,2,4,3,3,4,3
427,3,0,0,1,1,3,1,1,1,1,1
428,2,0,0,0,0,0,0,0,0,0,1
429,3,3,2,1,1,2,4,2,2,1,3
430,1,3,3,1,2,0,1,2,2,2,0
431,3,3,2,0,0,3,1,2,0,0,2
432,3,3,3,2,4,1,3,3,2,2,2
433,3,4,4,4,4,2,2,4,4,4,3
434,3,1,3,2,3,2,1,2,2,3,4
435,4,1,2,3,2,3,2,3,2,2,4
436,0,1,0,0,0,1,0,0,0,0,0
437,3,3,0,2,0,4,3,3,1,0,4
438,1,0,0,0,0,1,2,0,0,0,0
439,0,2,1,1,1,0,0,0,2,0,0
440,3,4,4,4,3,3,4,3,2,4,4
441,4,2,2,1,2,3,3,2,2,1,4
442,3,3,4,3,4,2,3,2,3,3,2
443,0,3,1,2,2,2,1,1,2,3,1
444,0,0,0,0,0,1,2,1,0,0,2
445,2,0,4,2,2,3,3,4,2,2,3
446,1,2,2,1,3,1,0,1,0,0,1
447,4,4,4,3,4,4,4,4,4,4,4
448,3,4,3,2,4,3,0,2,0,2,2
449,2,3,3,3,3,2,2,3,4,2,3
450,0,1,0,1,1,0,0,0,0,0,1
451,2,4,4,4,4,0,1,2,4,4,0
452,4,3,2,2,1,3,3,4,2,4,4
453,3,1,1,1,2,4,4,2,1,2,4
454,3,2,1,1,2,1,4,2,0,1,2
455,4,4,2,3,4,4,2,4,3,3,4
456,4,4,4,3,4,3,2,2,4,2,2
457,3,1,3,0,1,3,3,2,2,3,4
458,4,2,3,2,2,4,4,1,2,3,4
459,2,0,3,2,3,4,2,1,2,1,3
460,3,4,4,4,4,4,3,4,4,4,3
461,2,2,4,3,2,4,2,2,2,4,3
462,4,3,2,4,3,2,3,3,2,2,4
463,4,2,2,3,3,3,4,2,1,3,4
464,0,4,3,3,4,1,0,1,4,4,1
465,3,2,3,4,3,4,1,3,3,4,3
466,1,3,3,4,3,2,4,3,4,3,2
467,0,0,2,2,0,1,0,0,0,1,0
468,0,1,1,0,1,1,2,2,0,1,2
469,4,4,4,2,4,4,4,4,4,4,3
470,4,4,4,4,4,4,3,4,4,4,4
471,3,2,2,4,1,4,1,2,2,2,1
472,1,0,0,0,1,0,0,0,0,0,0
473,0,1,2,3,2,0,0,2,1,2,2
474,1,1,0,0,0,1,1,0,0,0,1
475,0,1,1,2,3,0,1,1,2,0,0
476,3,3,2,1,2,3,3,4,3,3,2
477,1,2,2,2,1,4,1,1,4,3,2
478,4,1,4,4,1,4,3,4,3,4,3
479,0,2,1,3,0,0,0,0,1,3,0
480,1,2,1,2,2,0,3,1,1,1,2
481,3,2,1,3,3,2,3,3,2,3,4
482,4,1,2,2,4,3,4,4,2,3,4
483,3,3,1,2,2,1,2,1,1,1,4
484,1,2,2,0,1,0,1,2,1,0,3
485,4,4,4,3,3,4,3,3,2,3,4
486,4,3,3,4,3,3,3,3,4,4,4
487,4,2,3,2,2,4,4,2,2,3,4
488,2,4,3,2,4,2,2,3,3,2,2
489,1,1,2,3,1,1,0,1,1,3,2
490,1,0,0,1,0,0,1,0,1,1,1
491,2,2,4,4,4,4,4,4,4,4,2
492,2,3,4,3,3,1,2,3,3,3,1
493,0,3,2,1,3,2,0,2,3,4,0
494,3,4,4,4,4,2,4,4,3,1,2
495,1,3,3,2,2,1,2,1,2,2,1
496,4,2,1,1,2,1,3,1,1,1,2
497,2,3,4,4,2,1,2,2,2,3,1
498,1,0,0,0,0,1,2,1,0,0,3
499,0,0,2,0,1,2,0,1,3,2,1
500,3,1,1,1,1,1,1,0,1,0,2
501,3,2,1,4,3,4,3,2,3,3,3
502,3,2,2,2,3,3,2,2,1,1,3
503,3,1,1,2,3,4,2,1,0,1,3
504,4,2,3,3,4,4,3,2,4,4,4
505,1,3,2,3,3,0,2,2,2,2,2
506,1,3,3,2,2,2,3,2,2,2,2
507,1,3,2,3,2,3,2,2,2,3,2
508,1,2,1,1,3,0,2,1,2,2,2
509,3,1,2,2,2,3,3,2,2,2,2
510,4,0,2,1,3,3,4,4,2,0,4
511,0,3,4,4,4,1,2,3,3,3,2
512,2,3,3,4,3,4,2,4,4,2,4
513,2,2,2,1,2,1,2,2,2,2,1
514,1,3,2,2,1,2,1,4,4,3,2
515,4,3,3,3,2,4,4,4,2,2,2
516,1,3,3,1,2,0,1,1,3,3,1
517,2,0,0,1,0,0,2,0,1,0,4
518,1,2,4,1,4,3,2,3,4,3,2
519,0,3,2,2,2,1,2,2,2,2,1
520,0,3,2,2,2,0,0,1,3,3,0
521,0,2,0,0,0,2,1,3,2,0,0
522,3,2,2,3,4,3,4,4,3,3,3
523,1,4,0,4,3,1,1,1,2,2,1
524,1,0,1,1,1,2,2,2,0,2,3
525,2,1,1,3,2,2,2,2,3,2,2
526,3,3,1,2,2,4,3,3,2,3,3
527,4,1,2,3,2,1,2,0,0,0,2
528,3,3,2,3,3,2,3,3,2,3,3
529,1,2,1,2,0,2,2,2,1,2,2
530,4,4,4,4,4,4,4,4,4,4,4
531,3,2,2,4,4,3,1,3,2,1,1
532,0,0,0,1,2,0,0,0,2,0,0
533,3,4,3,3,3,3,2,4,4,4,4
534,4,0,2,2,1,1,1,2,3,2,3
535,3,0,1,2,1,2,2,2,0,1,2
536,4,4,3,4,3,3,3,4,2,3,4
537,3,2,4,4,3,3,4,2,3,2,2
538,4,4,4,4,4,4,4,4,4,4,4
539,4,0,1,4,2,3,2,0,0,2,2
540,3,3,3,2,2,3,3,2,4,4,1
541,2,2,2,3,2,3,2,2,3,4,3
542,2,2,3,3,4,2,0,1,3,3,2
543,3,3,3,1,2,3,3,2,4,2,3
544,4,1,2,2,2,3,4,1,1,2,4
545,1,2,3,1,1,1,0,1,2,1,1
546,2,2,3,3,3,1,0,2,0,1,0
547,3,2,2,3,2,2,3,2,2,2,4
548,1,1,3,4,2,0,0,2,2,2,0
549,2,4,2,3,2,2,1,3,0,3,0
550,2,0,1,3,0,1,1,1,0,1,2
551,2,3,4,3,2,3,3,3,4,3,2
552,4,1,2,0,0,4,2,2,1,3,3
553,4,3,3,1,3,2,2,3,3,1,2
554,3,2,1,1,2,0,3,2,4,2,1
555,1,2,4,2,2,0,0,2,3,3,0
556,4,3,2,3,2,4,4,2,3,2,3
557,1,1,1,2,1,1,2,0,2,1,1
558,0,3,2,2,2,0,1,1,3,2,0
559,0,2,3,2,1,0,1,2,3,3,3
560,4,2,3,2,2,4,4,3,3,2,4
561,1,2,3,2,3,2,1,3,2,4,1
562,2,4,4,4,4,3,2,2,4,4,2
563,0,2,2,2,1,0,1,1,2,1,0
564,1,0,0,1,1,2,0,2,3,2,2
565,0,2,3,2,2,0,3,4,2,4,1
566,4,2,3,3,2,2,3,2,2,2,2
567,1,1,2,1,1,2,3,2,0,2,2
568,2,3,2,1,2,4,3,2,3,2,3
569,0,4,4,4,3,0,2,1,4,3,0
570,0,4,2,3,1,3,1,2,1,2,1
571,4,3,2,3,1,4,4,4,4,2,4
572,2,1,2,1,1,2,1,0,0,0,1
573,2,3,4,3,3,2,3,3,3,4,3
574,4,4,1,2,3,3,4,3,2,2,2
575,4,4,4,4,3,4,4,4,4,3,3
576,1,1,2,2,2,2,3,3,4,3,3
577,3,2,2,3,2,2,3,3,3,3,2
578,4,2,1,0,2,3,1,2,2,3,3
579,2,2,2,4,3,4,2,3,4,3,3
580,2,2,2,3,2,2,2,2,2,1,3
581,2,2,2,1,3,2,3,2,3,0,1
582,3,3,4,3,2,2,4,1,3,2,3
583,3,4,2,1,2,3,3,3,3,1,4
584,1,3,3,4,4,2,1,4,4,4,0
585,4,4,4,4,4,4,4,4,4,4,4
586,3,2,2,2,2,1,1,2,1,2,1
587,2,1,2,2,2,0,1,2,2,1,2
588,3,1,2,2,4,2,4,2,2,3,2
589,1,3,3,2,4,1,0,1,3,1,1
590,1,1,0,4,2,2,1,2,1,1,2
591,3,1,1,1,1,3,1,1,1,0,2
592,3,2,4,3,2,2,2,2,2,2,2
593,4,4,2,4,3,2,2,3,3,3,2
594,1,1,4,0,2,4,2,4,2,3,2
595,2,2,0,0,1,1,3,0,1,2,1
596,0,4,2,2,3,1,3,3,2,3,2
597,0,0,1,2,2,1,0,0,3,2,0
598,3,1,3,3,2,0,2,1,2,2,2
599,0,3,2,2,2,0,0,0,4,2,0
600,2,1,0,0,0,2,1,0,1,1,3
601,3,2,3,3,2,4,2,2,2,2,4
602,1,3,3,3,2,1,0,1,3,3,0
603,0,2,2,1,0,3,2,1,3,2,4
604,2,3,3,2,3,1,2,3,4,4,1
605,2,1,1,1,0,3,1,2,0,0,2
606,2,2,4,1,2,0,2,3,3,2,3
607,4,0,1,3,1,1,2,1,2,1,1
608,2,2,0,2,1,2,2,1,2,1,3
609,0,1,3,0,1,0,2,1,3,1,1
610,4,2,2,1,3,4,4,3,3,3,4
611,2,2,2,3,2,2,4,4,4,1,3
612,1,2,2,2,1,1,3,0,0,0,2
613,3,4,4,3,4,4,2,3,4,4,2
614,3,1,2,0,0,3,3,1,1,1,2
615,1,3,4,3,2,1,0,1,3,4,1
616,1,3,1,0,0,1,1,0,0,1,0
617,4,1,2,3,1,2,2,0,2,2,3
618,0,1,1,2,1,2,0,2,3,2,0
619,2,3,3,2,3,2,2,2,3,2,3
620,2,4,3,3,3,1,0,2,4,2,1
621,0,4,4,2,4,1,1,1,3,4,2
622,1,1,2,1,1,1,0,1,2,0,2
623,0,0,0,0,0,2,1,1,0,0,1
624,2,3,3,3,4,2,1,3,1,2,2
625,4,2,2,2,1,3,2,3,1,2,3
626,4,3,3,4,3,3,3,4,4,3,2
627,4,0,2,1,1,2,3,2,0,0,2
628,4,3,2,3,2,4,2,3,2,2,3
629,4,2,1,2,2,4,2,2,3,2,2
630,0,1,2,0,3,2,1,1,1,2,0
631,2,0,0,0,0,1,1,0,0,0,0
632,2,1,1,0,0,3,0,1,1,0,1
633,0,4,4,4,3,1,2,2,4,3,1
634,3,2,2,3,2,3,1,4,1,2,2
635,2,0,0,1,0,2,1,1,0,0,2
636,3,1,1,4,2,3,3,1,0,0,1
637,2,1,0,0,1,2,0,1,2,1,1
638,2,3,4,3,3,0,1,3,4,4,2
639,0,2,2,3,1,2,3,2,3,2,1
640,2,1,0,2,1,2,2,1,2,1,2
641,2,3,3,1,2,3,3,2,3,3,3
642,3,0,1,3,3,2,3,0,1,2,2
643,4,3,4,3,2,4,4,3,4,2,4
644,0,2,0,3,2,1,1,0,1,2,3
645,0,0,2,2,3,0,0,2,1,2,0
646,0,0,2,3,1,1,0,1,2,4,1
647,3,0,0,0,1,4,3,1,1,0,2
648,1,1,2,1,1,1,1,0,4,2,3
649,1,0,0,1,2,2,0,1,1,0,1
650,1,2,4,1,3,0,2,2,3,4,2
651,0,4,2,4,4,1,4,3,1,3,2
652,1,4,3,4,3,2,1,3,4,3,0
653,2,1,1,1,1,3,4,2,2,2,3
654,0,2,3,2,2,0,1,1,2,1,0
655,2,2,2,1,3,4,1,1,0,2,2
656,3,3,4,4,4,4,3,4,4,3,3
657,1,2,2,0,4,0,1,0,4,3,1
658,2,4,4,4,4,3,2,4,4,4,0
659,3,2,4,2,2,3,3,3,3,3,3
660,1,4,2,1,2,0,0,0,1,1,0
661,1,0,1,2,0,2,3,1,0,0,1
662,2,2,2,2,2,2,2,1,3,2,3
663,4,1,1,2,2,3,3,2,2,2,3
664,1,2,2,2,2,0,0,1,1,1,1
665,0,2,2,2,1,0,0,2,4,3,0
666,3,3,4,3,4,1,2,4,2,3,2
667,2,1,2,2,3,2,2,2,4,1,3
668,2,3,2,1,1,1,1,1,3,1,2
669,4,0,0,1,0,1,2,0,0,0,2
670,3,0,0,0,0,3,2,2,0,0,2
671,0,0,0,0,0,0,0,0,0,1,0
672,1,1,1,1,0,2,2,2,3,2,1
673,0,1,3,2,2,1,0,1,0,2,1
674,1,1,3,2,2,0,2,2,3,3,0
675,2,2,1,1,3,2,0,2,1,2,0
676,1,4,4,2,4,2,3,2,2,4,1
677,0,1,2,1,2,0,0,1,0,2,0
678,4,3,4,3,3,4,3,4,3,3,3
679,0,1,1,0,0,1,1,1,2,2,0
680,2,0,1,2,1,2,2,1,1,1,3
681,4,3,4,3,4,4,4,4,3,3,4
682,1,0,0,0,0,1,1,3,1,0,4
683,1,2,2,2,3,2,2,1,2,2,2
684,0,0,1,2,3,0,1,0,1,2,1
685,0,3,4,1,3,3,2,2,3,4,2
686,2,2,3,2,3,1,1,3,3,3,1
687,0,1,0,0,1,0,0,1,1,1,1
688,2,1,0,0,1,2,2,2,1,2,0
689,0,0,0,1,2,2,1,0,0,2,0
690,2,4,4,3,2,2,2,4,2,3,2
691,2,1,3,3,4,1,3,3,3,3,2
692,1,2,1,1,2,3,3,1,0,0,1
693,3,0,0,0,0,3,2,0,1,0,2
694,2,0,0,0,0,2,1,0,0,0,1
695,4,1,1,1,1,4,3,3,0,2,4
696,2,0,2,1,1,2,4,0,0,0,2
697,3,4,3,1,2,2,2,3,2,3,3
698,4,4,4,4,4,3,4,4,4,4,4
699,3,2,3,2,2,4,4,4,3,2,4
700,2,1,1,1,2,1,1,1,1,1,2
701,3,3,2,4,2,4,4,2,0,4,4
702,3,1,1,1,0,4,1,1,2,0,1
703,4,2,2,2,2,3,2,3,3,2,3
704,4,1,0,1,1,4,3,2,1,0,4
705,2,2,3,2,3,2,3,1,1,3,3
706,0,2,3,4,4,1,0,4,4,2,1
707,1,2,1,1,2,2,1,1,4,1,3
708,4,2,2,3,2,2,4,3,2,2,4
709,0,0,0,1,0,0,1,0,1,0,2
710,2,3,4,2,2,0,2,1,2,2,2
711,2,3,4,2,2,2,3,2,4,2,1
712,2,3,2,2,2,2,2,3,2,1,4
713,2,2,1,0,2,4,3,2,1,1,3
714,4,4,3,3,3,4,4,3,3,3,4
715,1,2,4,3,1,0,0,2,2,3,1
716,2,3,2,4,1,0,1,1,4,2,2
717,1,2,1,3,1,3,3,2,1,1,3
718,4,4,4,4,4,4,4,4,4,4,4
719,2,1,2,2,2,1,1,0,2,2,1
720,2,3,4,4,4,1,0,3,4,4,2
721,3,4,4,4,4,2,3,3,3,4,2
722,2,1,0,0,1,2,2,1,0,0,2
723,3,3,3,4,2,3,3,3,4,4,2
724,4,3,2,2,2,4,2,2,1,3,3
725,3,3,3,3,3,4,3,4,4,4,4
726,0,0,1,0,0,1,1,0,0,0,0
727,1,2,1,1,2,0,2,1,2,2,0
728,1,2,2,3,2,2,4,2,1,1,2
729,2,3,3,3,4,2,2,2,1,2,1
730,2,4,1,1,3,1,1,3,2,0,2
731,0,4,3,3,3,0,1,2,3,3,0
732,2,3,3,4,2,2,2,2,3,3,4
733,2,4,3,4,3,2,2,2,3,3,2
734,4,3,3,4,4,4,3,4,2,4,4
735,3,2,0,2,2,4,3,4,4,3,3
736,0,0,1,0,1,1,1,0,1,2,0
737,0,1,2,1,2,1,0,1,1,1,0
738,3,2,4,4,4,4,4,4,4,2,4
739,2,2,1,3,1,2,1,1,0,0,3
740,1,2,2,3,2,2,3,3,1,2,1
741,1,2,4,2,4,3,1,3,3,2,2
742,2,3,4,3,3,4,1,4,4,3,0
743,2,3,0,1,2,0,1,2,1,0,2
744,3,1,3,2,1,1,0,2,0,1,1
745,1,1,3,2,2,1,3,2,4,4,2
746,1,2,1,2,1,2,2,1,2,2,1
747,1,1,2,1,2,4,4,2,3,1,2
748,2,1,1,2,3,1,1,1,2,2,1
749,3,0,0,0,0,2,1,1,0,0,3
750,2,2,2,3,4,1,1,3,3,4,2
751,1,2,4,4,3,3,2,2,2,3,2
752,2,3,2,3,2,2,0,3,4,1,2
753,0,3,4,4,4,1,1,2,4,3,2
754,4,2,1,2,2,2,2,2,0,2,2
755,2,3,2,2,2,2,1,2,1,1,1
756,0,0,0,0,0,1,0,0,0,0,1
757,4,2,2,2,1,4,4,2,2,3,2
758,3,3,4,4,4,2,2,1,4,4,3
759,4,2,2,3,2,3,3,3,1,2,3
760,2,4,4,4,4,4,3,4,4,2,1
761,1,4,2,1,2,2,1,2,2,4,0
762,1,1,3,1,2,2,4,1,0,2,2
763,2,4,2,4,2,3,2,3,3,3,3
764,0,3,3,2,1,1,3,2,2,4,1
765,2,3,4,2,3,3,2,4,3,4,3
766,2,3,2,1,2,4,1,2,3,2,2
767,2,3,2,1,3,0,2,4,2,3,2
768,1,2,4,4,2,1,1,2,2,3,1
769,2,3,2,2,2,1,3,2,2,3,2
770,3,2,4,3,4,1,3,4,3,4,2
771,4,4,4,4,3,2,3,4,1,4,3
772,2,1,0,0,1,1,2,1,0,0,3
773,3,0,0,1,0,2,1,3,0,1,4
774,4,3,4,3,3,4,3,4,4,3,4
775,2,0,2,1,1,3,3,0,2,2,2
776,3,3,4,4,3,3,4,4,1,3,4
777,0,3,2,1,0,1,1,1,1,2,0
778,3,4,3,3,4,1,4,4,3,4,4
779,1,1,2,1,1,0,3,1,1,2,0
780,3,0,0,0,1,4,3,1,0,1,2
781,2,3,3,3,4,1,0,2,4,4,2
782,1,1,2,0,1,2,2,2,0,2,2
783,0,2,1,4,3,0,0,2,1,2,0
784,1,0,0,0,0,1,2,0,1,0,2
785,2,4,4,4,3,1,0,2,2,3,0
786,2,3,2,2,0,1,0,0,1,3,2
787,3,3,2,4,3,4,4,4,3,4,4
788,3,4,2,1,4,4,2,3,3,4,4
789,3,0,0,1,1,1,0,1,0,0,1
790,0,0,0,0,0,1,0,0,0,0,1
791,0,1,1,0,0,0,0,0,0,0,0
792,3,2,1,0,1,4,3,3,1,1,4
793,0,2,1,1,0,2,1,1,0,1,4
794,3,2,3,3,2,4,4,3,0,3,3
795,4,1,1,0,0,4,2,0,1,1,4
796,1,0,0,1,0,1,3,0,0,0,0
797,0,3,0,1,1,0,0,1,3,2,0
798,3,1,1,3,1,2,3,2,1,0,3
799,1,4,4,4,4,4,3,4,4,4,2
800,0,4,4,4,4,2,2,4,4,3,2
801,3,1,0,1,0,2,1,0,0,0,2
802,2,1,1,3,3,3,3,2,1,1,2
803,0,0,0,1,0,1,1,0,0,1,1
804,3,0,0,0,1,3,1,0,1,1,2
805,0,3,4,4,3,1,2,3,3,4,1
806,1,1,2,1,2,1,2,3,2,2,0
807,4,3,3,2,3,4,1,3,3,3,4
808,1,2,2,4,3,3,2,1,3,2,1
809,2,1,2,2,0,4,2,2,1,2,3
810,4,3,4,4,4,4,4,4,4,4,4
811,0,2,3,2,2,1,2,2,3,3,1
812,3,1,2,1,3,4,1,3,2,2,4
813,4,4,4,4,4,4,4,4,4,4,4
814,0,0,3,3,0,1,0,2,3,1,4
815,4,2,3,2,2,4,4,3,2,4,4
816,0,0,0,0,1,1,1,1,0,0,1
817,4,0,2,0,0,3,3,1,0,1,4
818,2,2,2,3,3,0,1,1,3,2,0
819,2,1,3,0,1,0,1,0,1,2,0
820,1,3,1,4,1,2,2,2,1,1,2
821,3,4,4,4,4,4,4,4,3,4,4
822,2,3,2,1,2,1,1,1,1,3,1
823,3,0,0,0,1,3,1,2,1,2,1
824,3,3,3,4,2,3,3,4,3,2,3
825,2,1,2,0,1,2,2,0,2,0,3
826,2,2,3,2,2,2,4,2,3,2,3
827,2,2,3,2,3,4,1,2,2,4,3
828,3,2,1,2,1,2,2,1,1,1,2
829,2,2,2,1,2,2,1,1,3,0,1
830,4,3,2,4,3,4,4,3,3,2,3
831,2,1,1,2,2,1,2,1,3,2,2
832,3,4,3,3,4,4,4,4,3,4,4
833,2,2,2,3,3,2,2,3,2,2,2
834,0,4,2,3,2,1,2,0,3,2,2
835,0,0,2,1,2,0,0,3,1,3,2
836,0,0,0,0,0,0,0,0,1,0,0
837,0,0,0,0,0,0,0,0,0,1,0
838,1,4,3,3,1,0,2,3,3,1,1
839,4,2,0,1,0,3,0,0,1,1,1
840,4,4,4,3,4,4,4,3,4,3,4
841,1,2,3,2,2,3,3,2,1,2,2
842,2,2,0,2,3,3,2,1,2,0,2
843,2,4,2,3,4,2,3,4,3,3,4
844,1,2,1,2,0,1,0,2,3,0,2
845,2,1,0,2,0,4,4,2,1,2,4
846,2,2,3,3,3,2,1,2,2,2,3
847,3,4,2,4,1,2,1,2,3,3,2
848,3,0,3,1,2,1,2,2,2,2,2
849,3,2,2,0,0,3,2,1,2,1,3
850,1,3,2,1,1,3,0,2,2,1,2
851,4,2,2,2,1,4,4,3,1,4,4
852,2,4,4,2,4,2,0,3,2,2,1
853,0,1,1,1,1,0,2,2,1,1,1
854,0,1,0,0,1,2,4,0,0,1,2
855,1,1,0,2,2,2,4,3,1,0,1
856,2,4,3,3,2,2,1,4,3,3,3
857,3,2,1,0,0,0,2,2,1,1,2
858,2,3,1,4,3,2,1,1,2,2,2
859,1,2,2,3,2,1,3,3,2,3,2
860,0,0,0,0,0,0,0,0,0,0,0
861,1,1,0,0,0,0,0,0,2,1,1
862,4,4,3,4,4,3,2,4,4,4,4
863,1,2,2,1,2,2,2,3,2,0,3
864,2,2,2,2,3,1,2,2,2,2,0
865,0,3,3,3,2,1,3,4,4,2,1
866,4,3,3,1,2,2,1,3,4,4,2
867,0,0,2,1,1,1,1,2,0,2,0
868,0,3,2,2,2,2,4,3,3,3,2
869,1,3,2,4,4,3,3,4,1,2,4
870,2,1,4,3,2,2,2,2,2,3,1
871,3,2,3,2,1,2,1,2,1,1,0
872,1,1,3,1,2,3,2,2,2,2,2
873,1,1,1,1,1,1,0,0,2,2,0
874,3,1,1,2,2,2,3,2,1,1,3
875,2,2,3,3,2,1,0,1,3,1,3
876,2,1,2,0,1,2,3,1,1,1,2
877,1,1,4,2,3,1,0,2,4,3,2
878,2,3,3,3,2,2,1,3,1,2,2
879,3,2,4,4,4,2,2,3,2,4,1
880,2,0,0,1,0,2,2,0,0,0,1
881,1,0,2,2,3,3,4,2,2,3,0
882,3,4,3,4,4,2,3,4,4,2,4
883,1,2,2,3,1,3,3,1,2,0,3
884,1,1,0,1,0,1,1,0,0,1,0
885,2,2,1,4,1,2,1,1,2,1,3
886,2,4,4,2,4,3,4,3,4,2,4
887,1,1,1,3,2,0,1,1,1,2,2
888,1,2,3,2,2,3,3,2,0,2,2
889,2,2,2,2,2,2,0,2,0,1,0
890,2,4,3,2,3,4,3,3,1,3,3
891,4,1,3,4,4,4,3,4,4,4,3
892,3,0,2,1,1,2,3,1,1,3,1
893,3,3,3,2,2,2,4,2,3,2,4
894,0,2,2,3,2,3,0,2,2,4,1
895,2,3,4,4,4,4,2,4,4,4,3
896,4,1,3,3,3,4,2,3,2,4,3
897,0,1,0,2,1,1,2,1,1,1,0
898,1,2,1,2,1,0,1,1,3,0,1
899,0,4,4,2,4,0,1,3,2,4,0
900,2,0,0,1,0,2,2,1,0,1,1
901,3,4,1,3,3,1,2,2,3,1,4
902,1,2,2,2,1,2,2,0,1,1,3
903,3,0,1,1,1,1,2,0,1,1,2
904,3,2,4,4,4,4,3,3,3,1,4
905,4,3,2,3,0,4,2,2,1,1,4
906,4,4,1,2,2,3,4,3,4,3,3
907,0,1,2,2,3,1,2,2,2,3,2
908,3,3,4,2,3,0,4,2,2,4,3
909,0,1,0,1,0,0,1,0,2,1,2
910,0,0,1,0,2,1,1,0,0,1,1
911,4,2,3,0,3,4,4,4,2,3,3
912,2,0,0,1,0,4,3,1,0,0,3
913,3,3,2,3,2,3,2,3,2,2,3
914,4,1,2,2,3,4,4,3,3,3,4
915,4,0,0,1,0,4,4,1,0,0,3
916,0,2,2,3,0,2,1,2,0,2,2
917,0,0,0,0,0,0,1,0,0,0,0
918,2,1,2,2,2,2,2,2,4,3,2
919,2,2,3,0,2,2,2,1,2,2,1
920,4,4,2,4,3,3,3,2,3,3,3
921,0,1,2,3,3,1,1,1,3,1,1
922,2,0,1,0,0,3,2,1,0,1,2
923,2,3,3,1,2,2,2,2,3,3,1
924,3,3,3,1,2,2,2,2,2,4,0
925,3,2,2,3,1,4,4,3,1,1,4
926,1,3,0,0,2,1,2,1,0,1,2
927,4,3,2,2,1,2,2,3,2,0,2
928,3,1,3,2,1,3,3,4,2,2,4
929,3,1,1,2,1,3,4,2,3,0,3
930,3,2,3,0,3,3,4,4,4,3,4
931,0,1,1,0,1,2,0,0,0,0,1
932,2,3,2,1,1,4,2,3,3,2,4
933,3,4,3,2,4,3,2,4,2,3,3
934,1,2,1,0,3,0,1,1,0,1,0
935,4,2,0,3,0,3,2,2,1,2,3
936,2,2,1,1,2,2,3,2,2,1,1
937,1,2,1,2,1,1,2,2,2,2,3
938,2,2,1,1,1,3,2,2,1,2,1
939,0,0,2,2,2,0,2,1,1,4,1
940,4,4,3,3,3,4,4,3,4,4,3
941,4,1,1,0,2,2,3,1,1,2,4
942,0,1,2,1,1,0,1,1,0,2,0
943,0,1,3,0,2,2,1,1,0,0,1
944,1,0,2,3,3,2,2,2,2,2,1
945,1,1,0,0,1,3,3,1,0,0,2
946,2,4,2,2,3,4,4,4,1,2,3
947,3,2,2,2,3,1,1,0,2,1,1
948,1,3,4,4,3,3,2,2,2,2,0
949,2,2,0,0,0,3,2,1,1,1,2
950,1,0,0,1,0,2,1,0,0,1,2
951,3,3,2,2,2,0,1,1,2,2,2
952,1,2,0,0,1,1,1,1,1,2,1
953,2,2,4,1,2,2,3,2,0,1,3
954,4,4,3,4,4,2,4,4,4,3,4
955,1,2,3,3,1,1,2,2,3,1,3
956,0,4,2,3,4,0,0,1,3,4,1
957,2,0,0,1,0,0,0,0,0,0,1
958,2,2,3,2,3,2,2,1,2,2,3
959,2,3,2,2,2,2,1,2,2,2,0
960,2,3,3,4,4,2,3,4,4,4,3
961,0,0,1,0,0,0,0,0,0,1,0
962,2,3,1,2,2,1,3,2,2,2,2
963,3,3,2,1,1,3,2,2,2,1,2
964,1,4,2,3,3,2,1,2,4,2,2
965,1,1,3,1,3,0,1,1,2,1,0
966,1,3,3,1,3,2,2,3,2,2,3
967,4,3,2,3,3,4,4,4,4,4,4
968,1,0,2,1,0,0,2,3,2,0,3
969,1,3,3,4,4,1,0,3,4,4,0
970,1,3,0,2,1,0,3,2,1,2,2
971,4,2,1,1,2,3,3,4,2,3,4
972,0,0,1,1,2,1,0,0,1,1,1
973,4,1,2,3,2,2,4,2,2,2,3
974,1,3,3,4,3,1,1,3,4,3,2
975,4,3,3,4,2,4,2,3,1,2,3
976,3,3,1,1,1,2,3,2,0,2,3
977,2,4,3,3,4,1,0,4,3,4,2
978,1,0,0,0,0,1,3,0,1,1,0
979,3,2,2,2,1,2,1,2,2,1,0
980,2,2,1,1,0,4,4,2,0,1,2
981,4,4,2,2,2,3,4,3,1,2,3
982,2,2,1,1,1,3,3,3,0,1,3
983,1,2,3,3,2,2,1,1,1,2,2
984,3,2,1,0,2,1,1,2,2,1,3
985,1,1,2,2,3,0,0,1,0,2,0
986,1,0,0,0,1,0,0,0,1,1,1
987,2,3,3,3,2,4,2,2,0,3,3
988,2,1,0,0,1,1,3,3,0,1,2
989,3,3,3,3,3,2,2,3,2,4,3
990,0,2,3,3,2,0,1,1,1,2,1
991,1,2,0,0,3,1,1,0,2,2,0
992,0,3,3,0,1,2,1,2,3,4,0
993,2,1,0,1,3,0,2,0,3,2,2
994,3,3,2,1,3,2,1,1,1,3,1
995,2,1,1,3,1,2,2,2,2,2,3
996,4,2,3,2,3,4,4,4,2,2,4
997,2,1,1,1,1,2,2,0,1,0,4
998,1,2,2,0,1,4,2,3,1,2,2
999,1,4,3,3,3,3,3,3,3,4,4
1000,4,4,3,4,3,4,4,4,4,4,4
